"Effect","Df","Sum Sq","Mean Sq","F value","Pr(>F)"
"epoch    ",3,32253.5,10751.1666666667,7.72242972752957,0.00237742805899793
"Residuals",15,20883,1392.2,NA,NA
